keyword,wordCityCount,tfLabel,pseg,mi2I,mi2z_rand,mi2p_rand
车,49,3,zg,0.04832718377930726,1.2239139919352011,0.22098467473751482
淅淅沥沥,75,3,z,0.11844954855727186,2.895265891900776,0.0037883749083682527
淅沥沥,34,3,z,0.13874624668886232,3.4073245266900933,0.0006560307547751609
湿漉漉,33,3,z,0.1057312902025263,2.613303105302527,0.008967173570213482
瑟瑟,19,3,z,0.1561914919306977,3.8737144897947147,0.00010718898133266208
湿湿的,12,3,z,0.008270240594877043,0.272268723320691,0.7854154032636147
悠闲,9,3,z,0.019041292415169657,0.5474907844576157,0.5840415999943511
雾茫茫,8,3,z,0.08404968178188359,2.200408783929626,0.02777790517847012
滔天,8,3,z,0.0793115867412565,2.080250922477646,0.03750252372532037
嘀嘀,8,3,z,-0.03421556175342232,-0.7987920817033339,0.424410982702787
预警,69,3,vn,0.033150206222225226,0.8575238896207243,0.39115541781410323
漫步,51,3,vn,0.04992016845562807,1.261608567867647,0.20708967163348913
预报,41,3,vn,0.1400087001322031,3.429015305163478,0.0006057753657946474
抗旱,13,3,vn,0.054577142354046426,1.4148199787193556,0.15712128480941323
巡查,11,3,vn,0.11859261778264552,3.01844744983068,0.002540734618784901
供电,9,3,vn,0.1770438587111492,4.523142532642527,6.09281802388395e-06
突袭,8,3,vn,-0.026008560459395643,-0.5906629251608416,0.55474629391625
停,125,3,v,0.11628701362444367,2.8369542915991515,0.0045546131883229535
出门,91,3,v,0.09951083404659296,2.4400805930330587,0.014683985585158599
冒,71,3,v,0.17479609267732968,4.243171008026694,2.2038336711549533e-05
打雷,65,3,v,0.06206037447621711,1.5493740376306646,0.12129183114035258
上班,61,3,v,0.03803819292876439,0.9752814269091924,0.32942068082680676
闪电,58,3,v,0.16789139879811152,4.084360174621914,4.41984307861798e-05
睡觉,55,3,v,0.06742099823019193,1.6798824486792883,0.09298018930440466
湿透,50,3,v,-0.005837739250969224,-0.07480253695685589,0.9403718232755718
听,49,3,v,0.07520811292039561,1.8684476223568123,0.06169970441527095
没停,45,3,v,0.11677440753413808,2.8676890882142163,0.004134816425123589
出行,42,3,v,0.12117243233062053,2.975602843410166,0.0029241328494480356
淋成,38,3,v,0.035712889805424246,0.9241895420909457,0.35538763955805974
下起,38,3,v,0.10100669860354458,2.49440587962287,0.012616818213704306
阻挡,38,3,v,0.023666927440351322,0.6345025525416897,0.5257529015165698
挡不住,37,3,v,0.09147054174920131,2.2658902699517998,0.02345810250812419
没带,35,3,v,0.13020950949134355,3.2003410378980632,0.0013726506339970523
融洽,33,3,v,0.04585324654494351,1.170413479946567,0.24183461355919977
上船,32,3,v,0.2927949918186478,7.12443875120404,1.0451639553821224e-12
哗哗,32,3,v,0.11204282597638549,2.7667271687601547,0.005662211998399558
防范,32,3,v,0.01727329451275104,0.4819507568290508,0.6298409281148589
下班,30,3,v,0.08041567221837213,2.0063686037474553,0.044816935473244834
停过,30,3,v,0.10961317567141314,2.7110335319198597,0.0067073842803180295
讨厌,29,3,v,0.14283848667486815,3.5149747175618145,0.0004397958556023873
路滑,27,3,v,0.1284478349066279,3.1716155336052165,0.0015159355488512105
外卖,26,3,v,0.07282074932626602,1.8278751776351616,0.06756828718861208
瓢泼,26,3,v,-0.029317131843384,-0.6436616662382473,0.5197948528395211
上涨,26,3,v,0.1385565697592155,3.4185533893010422,0.0006295496570865033
出不去,24,3,v,0.07729137997297332,1.9392621428923336,0.0524694261072034
祈祷,23,3,v,0.22960533884040601,5.636352533691691,1.7368963600716825e-08
颠倒,20,3,v,0.07123305597341763,1.8002048447684629,0.07182829913469391
打伞,19,3,v,0.05782021295754355,1.4757223764506915,0.14001843638274547
吵醒,19,3,v,0.0002077641416707592,0.07130637888496057,0.9431539185390272
淋死,19,3,v,0.10762933102645413,2.6899169416597593,0.007146980481818499
肆虐,18,3,v,0.10185934740575459,2.5531802441700715,0.010674424053177978
浇,18,3,v,0.19194635759007014,4.752602194940114,2.0081521032722094e-06
溅,16,3,v,-0.026748973792784535,-0.5888731459788115,0.5559463732219188
刮,15,3,v,0.08074196862713048,2.0496337239548907,0.04040018692814984
浇灭,14,3,v,-0.04270526534273689,-0.9845420639018349,0.3248490599172278
疏导,14,3,v,0.11930131258035809,3.0042243916729814,0.0026625887128375325
登陆,14,3,v,0.19631414233906433,4.900358461835514,9.566195393606591e-07
防御,14,3,v,-0.047521476162363394,-1.1031220648288471,0.2699741600005904
淋得,14,3,v,-0.016899540958324803,-0.34917892552843727,0.7269549866677432
支援,14,3,v,0.09634544650279783,2.4390276586594206,0.01472684103823374
开船,13,3,v,0.1433875481226706,3.60788672307557,0.0003087012064890704
保佑,13,3,v,0.25385785768594593,6.335818884236199,2.360840412052312e-10
打船,12,3,v,0.22425315934757134,5.624231192323778,1.8633595999517638e-08
冻成,12,3,v,0.02390908527265017,0.659792469445482,0.5093870165490877
连降,12,3,v,0.058862482118595946,1.5259223891817348,0.12702919407733892
未归,12,3,v,0.031001914919478953,0.8355496926929641,0.4034082802092227
奋战,12,3,v,0.06872115612712149,1.770216028662457,0.0766911601742648
组织,12,3,v,0.176373649623159,4.437797836578944,9.088391734968226e-06
惊雷,11,3,v,-0.03529959235559208,-0.8107134968761898,0.4175302206319482
乱跑,11,3,v,0.011467103339573471,0.3529399759122741,0.7241334404540347
侵扰,11,3,v,0.09416640672076725,2.4106720894654856,0.015923157377586206
淋到,11,3,v,0.007065647237050228,0.24342251689802508,0.807678102347003
放回,11,3,v,-0.002224212787513577,0.012271315843213669,0.9902091522746959
解压,10,3,v,0.06263712066876631,1.634310902880767,0.10219358551076207
苦读,9,3,v,0.019276106877154784,0.5533991728349381,0.5799901052070722
忘带,9,3,v,-0.03018239495035904,-0.6910728877316208,0.4895197374194441
看书,9,3,v,0.058286195466210486,1.5349688430730977,0.12479148148921548
爬升,9,3,v,0.13908130168234953,3.5679307930155035,0.00035981150443453735
上报,9,3,v,-0.021015995606190233,-0.4604284594067055,0.6452087109724933
齐腰,8,3,v,0.10064444109765862,2.621251078901816,0.008760771381260524
阻断,8,3,v,0.017355168965590778,0.5090391592445969,0.610724776076137
可达,8,3,v,-0.02039911255662579,-0.4484075971980842,0.6538590598712538
湿到,8,3,v,-0.026568301860860795,-0.6048579400749549,0.5452733916975951
难眠,8,3,v,-0.022168535720586753,-0.49328008319975947,0.6218146992258002
昏睡,8,3,v,0.05933544286754762,1.5736568783859812,0.11556679604038345
值守,8,3,v,0.08520460383330905,2.2296975513885102,0.025767528560047825
可畏,8,3,v,0.23770300218715712,6.097049570276128,1.080440181766562e-09
坠落,8,3,v,0.1413895578271812,3.6545452717896767,0.00025763820125224157
泥泞不堪,8,3,v,0.05286355711608046,1.409530168222963,0.158678459385178
碰上,8,3,v,0.04153707393465756,1.1222911016398929,0.26173868836699343
在家,40,3,r,0.07443163277715677,1.8540854238912745,0.0637269397086857
别下,12,3,r,0.12704795990252388,3.215528771659024,0.001302044420164794
我县,9,3,r,-0.011946909751924735,-0.2322326276794639,0.8163573371668673
我省,8,3,r,-0.012518682281442088,-0.24856026592500938,0.8037009471751149
各国,8,3,r,-0.026054598361646326,-0.5918304441389847,0.5539641345334201
毫米,28,3,q,-0.027691975732211754,-0.6034829194890892,0.5461874749240951
哗啦啦,37,3,o,0.1276263788494598,3.1356955287725947,0.0017144709714393969
滴答,33,3,o,0.02690451656982879,0.7138032731883821,0.4753488353945867
淅沥,32,3,o,0.1265656122122205,3.1168536167302614,0.0018279231147739772
滴滴答答,31,3,o,0.002982499514126069,0.13748801751312958,0.8906450634418384
噼里啪啦,26,3,o,-0.007695369782711144,-0.12045733743828345,0.9041208732936252
嘀嗒,22,3,o,0.05788761608113541,1.4718399533538757,0.141064101742431
嗒,15,3,o,0.013496596395586542,0.39819064053282893,0.6904896645522622
轰隆隆,14,3,o,-0.026470551671487826,-0.5848269280233384,0.5586640960220641
隆隆,9,3,o,-0.02818630595950957,-0.6408474080318949,0.5216218280712202
注意安全,64,3,nz,0.16856873946048187,4.0973493660735505,4.1790793833706985e-05
雷电交加,24,3,nz,0.049750088332651474,1.271713030566789,0.20347509907983086
天佑,20,3,nz,0.2809250361146497,6.904819251513737,5.026645766292859e-12
通讯,18,3,nz,0.08746265101055518,2.201693276122303,0.0276869820114245
沥沥,15,3,nz,0.0489491499062188,1.2688509156100203,0.2044942415499551
开森,11,3,nz,-0.040854404518974805,-0.9489288736208012,0.34265678823196455
中国气象局,29,3,nt,-0.056350000402240745,-1.2951539136254455,0.1952671395106481
中央气象台,9,3,nt,0.03395815511833479,0.9228280506396129,0.35609682030109013
新鲜空气,8,3,nt,-0.029823082187605227,-0.6873990120045352,0.4918313200608436
交警大队,8,3,nt,0.06053404296472349,1.6040533189761064,0.108702300287709
台风,38,3,ns,0.2514495229834269,6.112325940560375,9.818936774763642e-10
大坝,9,3,ns,0.06000329697747368,1.578174455393827,0.11452553699220402
天阴,9,3,ns,0.0015876364154807187,0.10832286703659931,0.9137395840692533
保家卫国,8,3,ns,0.030165463672791114,0.83390761447573,0.4043330460634933
雷声,52,3,nr,0.03887677649896903,0.9967363030084653,0.31889252351357533
井盖,26,3,nr,0.11403698647680073,2.8252274578745538,0.004724706307630555
雷,25,3,nr,0.06660952739643035,1.6789073394805627,0.09317010391966063
立秋,15,3,nr,0.059276145046468796,1.5224660586443401,0.12789234370494507
关窗户,13,3,nr,0.043853761331516534,1.1500189106008358,0.2501360826018413
帕卡,13,3,nr,0.350917985919752,8.73260265737949,0.0
汪洋,13,3,nr,0.015335679425197032,0.44579898839357307,0.6557424526076077
子弟兵,12,3,nr,0.14852631172229372,3.7477529563274166,0.00017842585987537518
东南风,12,3,nr,0.16380112741884992,4.126256223164522,3.68716455767526e-05
黄梅,12,3,nr,0.09171551854274644,2.340006294289862,0.019283414899091467
唐晶,12,3,nr,0.06359840343322956,1.6432764525421486,0.10032574799888527
白昼,10,3,nr,-0.024376565214179684,-0.5416278539849091,0.5880748994844501
纳沙,8,3,nr,0.0035434670824555773,0.15877506638457517,0.8738460937317905
铁路桥,8,3,nr,0.06797500171797285,1.7927556736727535,0.07301200005107122
天气,130,3,n,0.15219476872061868,3.6925496098035873,0.00022201701359936266
心情,77,3,n,0.12590857024609386,3.072996578344608,0.0021192091761450538
淋,70,3,n,0.1500850257155349,3.652844078083797,0.0002593517272100332
伞,67,3,n,0.12823599803636593,3.131489001187705,0.0017392230060679914
回家,65,3,n,0.0979681264606808,2.408226423229627,0.016030235623710976
天气预报,58,3,n,0.05684337629468598,1.4258797979008595,0.15390304174948133
气象台,55,3,n,0.060370459139624626,1.5110151999361645,0.13078457826561563
雷电,45,3,n,-0.004140094630364096,-0.03414352150893294,0.9727627035555597
路段,44,3,n,0.085975472880413,2.129081891996359,0.033247485653703945
山体,43,3,n,0.2045378909196003,4.976503220923702,6.474319951266239e-07
淋湿,39,3,n,-0.013618528314363913,-0.26206643020388565,0.7932702273263836
倾盆,36,3,n,-0.02120222962288831,-0.444860969175107,0.6564202305126065
冰雹,34,3,n,0.1957182683479716,4.779565262811411,1.7567464158929624e-06
火锅,33,3,n,0.06328925231633208,1.5905713591694168,0.11170607436448399
大风,31,3,n,0.19522248416209875,4.7745407642674715,1.8011779776561099e-06
衣服,30,3,n,0.1414296579235507,3.478906004885215,0.0005034651448847516
强对流,29,3,n,0.08499563903987817,2.118149320666461,0.03416242366153077
鞋子,28,3,n,0.15106962331736182,3.716091326023255,0.00020232847596668435
小城,28,3,n,0.13146960496875762,3.2424787888769444,0.0011849476839240758
宿舍,26,3,n,0.08382702125304387,2.094205419355548,0.03624168522632942
气象局,25,3,n,0.08787912501785919,2.1939985078698823,0.02823551682276637
雷暴,25,3,n,0.034109358299408435,0.8918426111770245,0.3724772985370697
航班,25,3,n,-0.017001407484035256,-0.34591959444848586,0.7294031424477583
接线,24,3,n,-0.012126995303576913,-0.2280711042551114,0.8195909635875067
过境,24,3,n,0.21635118737679918,5.309810343931621,1.0973937025759994e-07
降温,24,3,n,0.3564528512850077,8.70561118721275,0.0
海景,23,3,n,0.16715157306925205,4.121169577966685,3.7695382271163425e-05
局地,23,3,n,0.011543023446779368,0.34597012855319675,0.7293651640251326
电线杆,19,3,n,0.09604210298278554,2.4074556200801256,0.01606411453028911
乡镇,19,3,n,0.1031098956758877,2.5797468753502213,0.009887275832107356
漩涡,19,3,n,0.13555981942959114,3.3707771643965962,0.0007495646224959795
全城,17,3,n,0.0527343446224434,1.3561558574268426,0.17504958363299372
被窝,17,3,n,0.2063360739130981,5.112717873148532,3.175563958457417e-07
全县,17,3,n,0.1015907082416526,2.5510119351922023,0.010741064744499207
裤子,17,3,n,-0.012318531624680362,-0.23481037096090515,0.8143559179060239
公交,17,3,n,0.05053512031513746,1.3023705092082405,0.1927897588606049
橙色,16,3,n,-0.025946094456170604,-0.5691992821780933,0.5692209077509592
局部地区,16,3,n,0.010895621999626806,0.3335751182603219,0.7387001965667337
官兵,16,3,n,0.058478977395270165,1.4995640913769706,0.13372735513144196
伏笔,15,3,n,0.238427853735628,5.922156927768156,3.177461849190877e-09
杆,15,3,n,0.10892868840790797,2.7418562796727897,0.006109306603661269
鞋袜,15,3,n,0.049769359585912915,1.2889940058709033,0.19740017046086367
前线,14,3,n,0.241706311435766,6.017959757781982,1.766290891325184e-09
指挥部,14,3,n,0.04322563696980859,1.1311640082569527,0.2579860675766201
建党,14,3,n,0.17323248731051838,4.332064677118213,1.4771753125364384e-05
楼顶,14,3,n,0.05845048653379175,1.50601526436346,0.1320632552023342
众志成城,13,3,n,0.3257638491999826,8.111451337940242,4.440892098500626e-16
涵洞,13,3,n,0.13244968191164283,3.337789199772765,0.0008444779013068171
标准答案,13,3,n,0.32543106388162074,8.103233602547718,4.440892098500626e-16
淋淋,13,3,n,0.02521408904625619,0.6897344984228153,0.49036116684290043
急流,12,3,n,0.10365068999837279,2.635754634299886,0.008395041181735508
堤坝,12,3,n,0.1374684604380674,3.473744227291021,0.0005132500322624356
泡汤,12,3,n,-0.04229023944907305,-0.9805979069327946,0.32679106691303617
考场,12,3,n,0.050301116636093754,1.3137754888139541,0.18892176850884956
小暑,12,3,n,0.22870816739869598,5.734624347608556,9.772870290802871e-09
赏荷,12,3,n,0.04859487208056876,1.271495493354838,0.20355242969041232
应景,11,3,n,0.03920208809689623,1.043044565318406,0.29692765305059865
低洼地,11,3,n,0.015295555229235338,0.4481998883475483,0.6540089433022245
猛兽,11,3,n,-0.04339434839238304,-1.0121280042210161,0.31147685416349435
警报,11,3,n,-0.022209780359472586,-0.485011521121526,0.6276681730097439
寒心,11,3,n,0.10160855916404866,2.595848450696856,0.009435767328909384
贷款,11,3,n,0.0469294623768497,1.2353178440425567,0.21671223525698835
省道,11,3,n,0.03475142510451779,0.9323027356828424,0.351180094332733
当兵,11,3,n,0.0008324034293742947,0.08832633796723327,0.9296173060889448
树叶,11,3,n,0.06036862102538012,1.5697122971946993,0.11648205903016251
电力,11,3,n,0.04374559847872994,1.1560966327326485,0.24764163321412802
中队,11,3,n,0.16528082737521396,4.180148023777455,2.9131940175508575e-05
地势,10,3,n,0.13307988281296543,3.39586294765255,0.0006841260546672778
秋分,10,3,n,0.34397483385795063,8.669682726111246,0.0
立交桥,10,3,n,-0.023868659237614925,-0.5289267221108072,0.5968562839351184
天气情况,10,3,n,-0.03686705560048013,-0.8539757547550344,0.39311842328701396
兵哥哥,10,3,n,0.03487531304283594,0.9400753632534258,0.3471789050241969
待命,10,3,n,0.08909269403890194,2.295881629911238,0.02168265037075634
黑云压城,10,3,n,0.03077969246905747,0.8376567672650944,0.4022235007624544
救援队,10,3,n,0.036655814912157386,0.9846001180068346,0.3248205316921353
人群,10,3,n,0.01756880822878354,0.5072940807614071,0.6119484912147031
站点,10,3,n,-0.03092838578531538,-0.7054682908552901,0.48051885838514496
登机,10,3,n,0.03219283676975537,0.8729950640138254,0.38266576814424713
河堤,9,3,n,0.060240768463073906,1.5841496996509494,0.11315965673472417
雷劈,9,3,n,-0.03274575848303396,-0.7555720977686404,0.44990579022763433
持续时间,9,3,n,-0.034632245249760246,-0.8030397724266178,0.42195174680082426
电站,9,3,n,0.05529272623584006,1.4596473374934587,0.1443870222087198
全线,9,3,n,0.07424062589107507,1.9364133303169824,0.052817098132228235
响雷,9,3,n,-0.03869738067155733,-0.9053264828589105,0.3652924504545134
冷气,9,3,n,0.005213145138294852,0.19954771502365645,0.8418343225798754
县委,9,3,n,0.050539753825681995,1.340053311177948,0.1802280135450205
建筑物,9,3,n,-0.031044488404144102,-0.7127648350650521,0.47599128900543874
警戒线,9,3,n,0.09160892500712864,2.3734335025994238,0.01762356611835081
消费者,9,3,n,0.021986935220468157,0.6216088842008555,0.5341990777708348
服务队,9,3,n,-0.025597257865221948,-0.5757019244901422,0.5648166743273995
车牌,9,3,n,0.08913423963760796,2.3111656075507283,0.02082370925070398
手电筒,9,3,n,0.0654393458753489,1.7149560141412448,0.08635329167362626
鱼塘,9,3,n,0.10743913957798697,2.7717524774626603,0.005575541528069383
县政府,9,3,n,0.15069061282197524,3.8600436314931788,0.00011336678105888787
农历,9,3,n,-0.03277498574280014,-0.7563075124464401,0.4494648449984704
绿阴,9,3,n,0.04166684488166526,1.1167936719092706,0.2640825551802697
路政,9,3,n,0.06939255417735961,1.8144264206369642,0.06961210119667838
副热带,8,3,n,-0.024192878587897426,-0.5446173205696175,0.5860167396812674
皮划艇,8,3,n,0.08644692337722656,2.2612027150370153,0.023746707068018846
蝉,8,3,n,-0.021410731977064692,-0.4740622168544983,0.6354555408512961
病历,8,3,n,0.031615905999635104,0.8706907618500683,0.38392302398732436
加班加点,8,3,n,-0.021620717804596595,-0.4793874473015682,0.6316630218644472
桥洞,8,3,n,-0.03181463546985966,-0.7379047070806081,0.4605723583910837
药店,8,3,n,-0.02455853214246401,-0.5538902770578902,0.5796539396487776
一夜,53,3,m,0.009342676074220766,0.2889480107074785,0.7726211626947133
一整天,29,3,m,0.09317580093625873,2.31568900542894,0.020575255145851568
一整夜,23,3,m,-0.05804719958255058,-1.3423495190643349,0.17948269440607312
两夜,18,3,m,0.19986144926264685,4.945844553981721,7.581444143589522e-07
整座,18,3,m,-0.0068127481301134074,-0.0999857546653598,0.9203556348977472
第一线,17,3,m,0.2887243441878656,7.127647314922947,1.020961093445294e-12
电闪雷鸣,67,3,l,0.06116935836251285,1.5277241384176004,0.1265810443193982
没完没了,45,3,l,0.09177211054082311,2.2676578311324316,0.023350069922608796
说走就走,31,3,l,0.08619065033271363,2.1445657074756372,0.0319875865899375
绕道而行,28,3,l,0.08644664591947342,2.1545493040209016,0.031197119812886864
连绵不断,24,3,l,0.018211853396538382,0.5072855298211943,0.6119544901284901
吃火锅,22,3,l,0.050493988444384505,1.2922799297608747,0.19626021987816422
百年不遇,14,3,l,0.24864075815027029,6.188692877371211,6.066513957847519e-10
辛苦工作,13,3,l,0.2480483886529941,6.192360995171638,5.926961144098186e-10
连续不断,11,3,l,-0.0009316969702762391,0.04443182017231738,0.9645601978569585
生命财产,11,3,l,0.116869931326493,2.9755833978075485,0.0029243182479687935
放暑假,10,3,l,0.061895844385461266,1.6157739132334301,0.10614320364991414
不眠夜,9,3,l,0.014569521670943834,0.4349723387542694,0.6635825056355618
百年一遇,8,3,l,0.03158949216722866,0.8700209083356294,0.38428897813877594
事实真相,8,3,l,0.012999619083953204,0.39858262455344584,0.6902007665297096
通行,23,3,j,-0.0002429430085364829,0.06003227886008161,0.9521299262295362
武警,9,3,j,0.022479148845166823,0.6339939359337998,0.5260847796155801
落汤鸡,55,3,i,0.10455689724859979,2.5693232440974483,0.010189735967061075
天公不作美,42,3,i,0.16010633390161688,3.9107226524515983,9.202038899935872e-05
鬼天气,20,3,i,-0.06570290650790109,-1.533281187519823,0.12520658778627378
紧急通知,13,3,i,-0.0003813156835763242,0.057686593275596124,0.9539982729284462
骄阳似火,11,3,i,0.0005783027745831381,0.08200378075017255,0.9346437069802396
不停,69,3,d,0.11351118654841641,2.778797272149227,0.005456056452620706
慢行,14,3,d,0.061415724888251685,1.5790224436563172,0.11433090920441935
短时,29,3,b,-0.053954786582100414,-1.2373127866449871,0.21597098261561398
次生,11,3,b,0.007786272119477213,0.26135317534094393,0.793820163061002
凉快,70,3,a,0.08110111640507371,2.00373754219046,0.04509818247227981
好大,64,3,a,0.11215041473033811,2.7477620641957983,0.006000353556988802
湿,46,3,a,0.16282003487383082,3.971781679478543,7.133708377726755e-05
低洼,25,3,a,0.119881269023415,2.969002437900866,0.002987682261248903
真大,24,3,a,0.07226254401135618,1.817372616938021,0.06916007769424937
猛烈,23,3,a,0.21328609878938842,5.240433503503964,1.601998089739709e-07
怕怕,16,3,a,0.21276630773257202,5.280241691119565,1.2901358981132205e-07
凄惨,14,3,a,0.20586042990190936,5.13539775526484,2.815479156481615e-07
悲惨,12,3,a,0.2261081079138242,5.670196008272413,1.4263424219507215e-08
微冷,8,3,a,-0.0290675968995922,-0.668239941579037,0.5039804433886585
哀愁,8,3,a,0.1751141428694218,4.509799120073555,6.488904107149196e-06
呆滞,8,3,a,0.07120071854887196,1.8745596967510236,0.06085332218075745
淋着,43,3,,0.15386413372168747,3.759752008574722,0.00017008187192524282
防汛,46,2,vn,0.28136530638422297,6.8160686086893065,9.35651556233097e-12
抗洪,45,2,vn,0.2379199231407315,5.775065799989184,7.692301906558896e-09
救灾,27,2,vn,0.12086028444364404,2.9881462284731874,0.00280675229882843
防洪,17,2,vn,0.20577362987927886,5.098962455789808,3.415202753931368e-07
抗灾,9,2,vn,0.1603697070145424,4.103588458957827,4.067908121663244e-05
减灾,9,2,vn,-0.03299784359851727,-0.7619150493646623,0.44611070737607583
防灾,8,2,vn,-0.018068512756836946,-0.389303698808157,0.697051500457208
受灾,54,2,v,0.24397676662753656,5.909544171173109,3.4305567275794147e-09
看海,50,2,v,0.13388445543062802,3.274687587271048,0.0010577888347151898
停电,47,2,v,0.1120243318641619,2.752392415714744,0.0059161581674549435
淹,45,2,v,0.18119859487374457,4.413808075849326,1.0156800918537101e-05
堵车,45,2,v,0.13309783211355064,3.259435693451466,0.0011163408485788118
延误,38,2,v,-0.023009399108332194,-0.4879917830135653,0.6255556613153868
排水,35,2,v,0.0671640838671939,1.6824627027457835,0.09247915143403951
泄洪,33,2,v,0.3156562020902536,7.671893182137934,1.687538997430238e-14
冲走,32,2,v,0.15532846815641713,3.810290566202677,0.00013880355659701138
堵,31,2,v,0.08876351542545208,2.2066262156844694,0.027340183894152714
淹没,30,2,v,0.1780815234259673,4.363477667431077,1.2801101411108462e-05
踩水,28,2,v,0.06566143586200142,1.6522979338766806,0.0984738303020054
涨,27,2,v,0.381305934496921,9.285802194393828,0.0
停运,26,2,v,0.18067419129638718,4.437717407717822,9.091787369630566e-06
困住,25,2,v,0.21521241694352164,5.277660704035196,1.3084344296920847e-07
困在,25,2,v,-0.006421697114680351,-0.0897081008243045,0.928519178373931
抢险,25,2,v,0.15011017416993255,3.701063398723295,0.00021469782049132746
抢修,25,2,v,0.002845655223832015,0.13472168994477698,0.8928319234347397
触电,24,2,v,0.08534369220339671,2.1344350473365656,0.03280718524449555
漫过,22,2,v,0.13894875487245514,3.440473039701891,0.0005806982870952826
水涨,22,2,v,0.06022845771460938,1.5286891212568965,0.1263415304642468
撤离,21,2,v,0.08839219871305949,2.215161979437925,0.026748948514624615
取消,20,2,v,-0.01084255385890297,-0.19779403010641872,0.8432062171845283
淹水,19,2,v,0.044627005923705734,1.1541121793779072,0.24845418071484415
退去,19,2,v,0.17103967307061488,4.235667914032919,2.278733432881097e-05
退票,19,2,v,0.042425965518430954,1.100457519317618,0.2711328288943884
冲开,18,2,v,0.16527824304770414,4.101515691013253,4.1045266762518295e-05
绕行,18,2,v,0.04863149990395497,1.2536533096189586,0.20996804553450543
改签,18,2,v,-0.02244456308827566,-0.48162742396945885,0.6300706410905534
停水,18,2,v,0.0025362279104794013,0.1282640571425028,0.8979400083567259
冲毁,17,2,v,0.12195474287292483,3.0490451235941545,0.0022956999698910963
倒塌,17,2,v,0.14590905624293807,3.63488399490145,0.0002781057460867764
进水,17,2,v,0.08617811526488652,2.1740737222718294,0.029699599072144478
冲垮,15,2,v,0.10688289281002154,2.6916146812087094,0.007110704638771503
抛锚,15,2,v,0.008699497878554991,0.28038126713583245,0.7791850075639231
告急,15,2,v,0.3773886126052979,9.334819784510413,0.0
漂给,14,2,v,0.224492455158668,5.594137136692062,2.217216565902902e-08
滞留,14,2,v,-0.04829826262967024,-1.1222473364299106,0.261757291011651
拥堵,14,2,v,0.006504084386558866,0.22704209531694383,0.8203910094263094
淹到,13,2,v,0.13602676884778414,3.426121083108153,0.0006122673756634445
冲断,13,2,v,0.15669356126615766,3.936462802335614,8.269143082428876e-05
瘫痪,13,2,v,-0.002504285015596653,0.00526240490434154,0.9958012277535087
淹死,13,2,v,-0.048501221874068884,-1.1305769338931164,0.2582332004489266
围困,12,2,v,0.17709657216179883,4.455711541593861,8.361539910461957e-06
垮塌,12,2,v,0.08329917296259821,2.131452923813886,0.033051846801857465
自救,12,2,v,0.044323650799459706,1.165656494024166,0.2437533567499235
猛涨,11,2,v,0.0813030354802258,2.0906044346242934,0.03656353790037081
停课,11,2,v,0.08852843268697315,2.270387470969467,0.023184083998302407
撤,10,2,v,0.0075648922825044184,0.25712759020245884,0.7970802794956127
发水,10,2,v,0.0868091820735767,2.238778173866382,0.025170353100217646
漂来,10,2,v,0.09998159868087148,2.5681789057920636,0.010223437716900374
暴涨,10,2,v,0.016672562338333852,0.48488178838553303,0.627760201524783
倒灌,10,2,v,0.1770716011091806,4.495957534504346,6.925755890563323e-06
冲到,10,2,v,-0.03538696762680549,-0.8169634071822414,0.41394934021250873
坍塌,10,2,v,0.046140834129592,1.2217906325265369,0.22178681187839344
伤亡,10,2,v,0.0808752749177332,2.0903898091048676,0.03658279758987426
救出,10,2,v,0.014790812326798856,0.4378251358683692,0.6615130483326594
排涝,9,2,v,0.00958494536900226,0.30955070824952896,0.7569026452682082
受困,9,2,v,0.1429721806387226,3.665832871997585,0.00024653489956971697
冲掉,9,2,v,0.041127136959846544,1.1032135713249014,0.26993442910963217
失联,9,2,v,0.050091602509267225,1.3287769527850204,0.18392156802316872
抢通,8,2,v,0.07352554981054907,1.9335173052929704,0.053172503354648404
排洪,7,2,v,-0.024301623666636747,-0.5530219550680012,0.580248376442041
淹成,7,2,v,0.023132696440471202,0.6623198742196639,0.5077662424700975
水毁,5,2,v,-0.01743171819626053,-0.3901755344794947,0.69640675145838
淹掉,5,2,v,0.247108786743624,6.624568236309312,3.482636401486161e-11
淹过,3,2,v,-0.005185530578187885,-0.07166109283284279,0.9428716199424272
浸到,3,2,v,-0.0070325975683293825,-0.12528968683154057,0.900294216564522
涝,3,2,v,0.0015810591930892346,0.12480319218573302,0.9006793601552416
汛期,14,2,t,0.1516744134610916,3.8012830081280935,0.00014394877072487766
冲浪,35,2,nz,0.20391484794511716,4.974866870922101,6.52924965649504e-07
漏电,28,2,nz,0.07482173905118232,1.8736464222961502,0.06097917511528572
山洪爆发,4,2,nz,0.06600984918616778,1.8819012829074553,0.05984942023336237
滑坡,56,2,ns,0.16965357566473627,4.1277928452258905,3.6626183718802e-05
中断,23,2,ns,0.112633850705941,2.7985219731365847,0.005133707636378215
淌水,13,2,ns,-0.01532774523800897,-0.3113976071511676,0.7554983727601571
泽国,9,2,ns,0.09176967493584268,2.377478283327323,0.017431469381604003
洪水,85,2,nr,0.26686814589706087,6.436995428962224,1.2186163189653598e-10
水淹,52,2,nr,0.09135731273675417,2.254346646768737,0.02417436892753355
山洪,39,2,nr,0.038941040587066725,1.0014805358050083,0.31659454561639766
洪峰,23,2,nr,0.4067481550380731,9.933992115832028,0.0
积水,69,2,n,0.08882482634955947,2.1885948310010974,0.02862630185868098
被淹,61,2,n,0.2446850926177694,5.92034323837285,3.212703880706158e-09
大水,59,2,n,0.28653909532337346,6.92378641561391,4.39737135593532e-12
涨水,55,2,n,0.36251689502952894,8.747715357308586,0.0
晚点,51,2,n,0.14351272680578275,3.5048199561165068,0.0004569161678042999
水位,47,2,n,0.19640090300246793,4.776394043475076,1.7846652002884156e-06
灾害,47,2,n,0.058555690635003634,1.4698015801075528,0.14161550109546783
洪灾,42,2,n,0.3652466738494552,8.837811584674629,0.0
水灾,39,2,n,0.3204147138925309,7.768187595055967,7.993605777301127e-15
内涝,36,2,n,0.08097271585295535,2.0141080781336296,0.043998187592088955
灾情,34,2,n,0.24830578464293035,6.046199831322424,1.483021483394964e-09
塌方,33,2,n,0.20136290788089867,4.917751623915023,8.754389000387164e-07
地质灾害,31,2,n,-0.06597748769113239,-1.5259073404913388,0.12703294233658258
灾区,31,2,n,0.2254619030692194,5.503950833459327,3.713731566712397e-08
泥石流,30,2,n,0.20350938050344547,4.977164351633287,6.45225338269384e-07
天灾,28,2,n,0.17034648269932204,4.1818950879239685,2.890893668472394e-05
趟水,27,2,n,0.20325528596486683,4.980482720889257,6.342586571506104e-07
水漫,23,2,n,0.016080483908041912,0.45605288606654076,0.6483519484748619
经水,22,2,n,0.056688682031871745,1.442722903273864,0.1490985447313462
水浸,21,2,n,0.2342533221733873,5.761506715548438,8.33663449384403e-09
灾难,21,2,n,0.09485531049091121,2.372300645920995,0.017677699854191875
洪涝,20,2,n,0.1599281890578238,3.959345379594398,7.515548334025013e-05
断电,20,2,n,0.12622371507496669,3.1388641034445643,0.001696040835279522
汛情,17,2,n,0.22078774257729766,5.466155232339972,4.5990162123032974e-08
封路,17,2,n,0.1910707006471986,4.739380140355309,2.1437299710935775e-06
灾后,16,2,n,0.12468000505647762,3.1217630224978614,0.001797715821125978
物资,15,2,n,0.06498599872673758,1.6626912972698857,0.0963742451500127
断水,13,2,n,0.27754237558344236,6.920679724670051,4.494848937497409e-12
警戒水位,12,2,n,0.2710155469373378,6.782982749098376,1.177191677470546e-11
水害,12,2,n,0.02640180323626458,0.7215609327300708,0.47056446558901
水情,12,2,n,0.03451420987556701,0.9225828288947019,0.3562246474388795
灾民,12,2,n,0.1274900529073905,3.226483643384617,0.001253213946762921
断网,12,2,n,0.07521808124447385,1.931206997729818,0.053457458975538996
水势,11,2,n,0.07383950809836465,1.9048962200913537,0.05679356270536018
人员伤亡,11,2,n,0.04089271214517927,1.0851108373891867,0.2778725679758718
水漫金山,10,2,n,0.09073910873041027,2.3370532858498834,0.019436413567992084
水患,10,2,n,0.10330080586935961,2.6511818436657024,0.008021064318727733
财产损失,10,2,n,0.14091995277252897,3.5919184521222918,0.00032825257627355775
重灾区,10,2,n,0.22326853058705515,5.651197520939619,1.5933387054190007e-08
水路,9,2,n,0.03245760103170283,0.8850711925225802,0.3761182353939847
大灾,8,2,n,-0.02925340454824423,-0.6729520145771536,0.5009778193271378
交通事故,8,2,n,-0.03038039473091807,-0.7015324311931829,0.48297080259760583
全淹,5,2,n,-0.023176801812387782,-0.5425162488742431,0.5874629168487915
漫水,5,2,n,-0.021656823715206948,-0.5022114309358423,0.615518802967655
涝灾,5,2,n,-0.018858955949952523,-0.42802118365303293,0.6686356976660572
积涝,4,2,n,0.07817959970470024,2.2151355136147166,0.026750764486645817
受淹,3,2,n,-0.016088256741785753,-0.38821586752554543,0.6978562916575024
发大水,46,2,l,0.2522307125072586,6.1170348682769005,9.533251965621048e-10
抗洪抢险,31,2,l,0.3125122271897581,7.6037062267411715,2.886579864025407e-14
抗洪救灾,30,2,l,0.2587611754998221,6.310634599017162,2.7789370804498503e-10
排水系统,24,2,l,0.033989375145812295,0.8897029841647297,0.37362539123268634
洪水泛滥,19,2,l,0.3127718633624266,7.6906669551604745,1.4654943925052066e-14
自然灾害,19,2,l,0.10455545836361649,2.6149852900653947,0.008923129837144606
洪涝灾害,16,2,l,0.10824708080803182,2.719088425247763,0.006546210548007858
抢险救灾,11,2,l,0.08692932009448412,2.2305981958460164,0.02570775642498413
天灾人祸,9,2,l,0.11757003849443974,3.026665590154963,0.0024726734522777516
受灾面积,7,2,l,-0.02673588300904113,-0.6153915051211707,0.5382962000968062
防洪抗灾,3,2,l,-0.007780048801694036,-0.14699153031739498,0.8831387055316545
一片汪洋,21,2,i,0.08946716436936124,2.2412977907239404,0.025006791977886467
损失惨重,16,2,i,0.10208498295800139,2.5680915465144247,0.010226014594987287
泛滥成灾,10,2,i,0.06328640768602074,1.650547530151955,0.09883100038386461
冲锋舟,9,2,i,0.292374625748503,7.425088851239946,1.127986593019159e-13
暴雨成灾,8,2,i,0.25516254540779937,6.539822743319768,6.159184273712981e-11
被困,41,2,a,0.3164522416206547,7.66809729901261,1.7541523789077473e-14
重建,15,2,a,-0.006005168839077298,-0.08074276770844431,0.9356465241168895
水退,12,2,,0.1689049571924578,4.252726897578395,2.1118306438028256e-05
涨得,8,2,,-0.028859929527569324,-0.6629735070517296,0.5073475217770205
抢洪,3,2,,0.13402726163597864,3.970307256407532,7.178000425045461e-05
下雨,234,1,v,0.15482707910851626,3.75492535748261,0.00017339314437503361
冒雨,109,1,v,0.1528821607922924,3.711069937949881,0.00020638506797032719
听雨,61,1,v,0.14886210839258968,3.627298529424658,0.00028640209261632243
看雨,46,1,v,0.10792270987339192,2.654616161546472,0.0079398697253108
停雨,44,1,v,0.19855633288866822,4.831597732838236,1.3544170287538293e-06
躲雨,41,1,v,0.14055282292557736,3.442087935175196,0.0005772425712042839
避雨,40,1,v,0.17174675101598794,4.192812898398999,2.7551667465264273e-05
完雨,29,1,v,0.15943534754862662,3.9157661330104023,9.011757339005833e-05
遇雨,15,1,v,0.09786977333029297,2.470266306875937,0.013501250123241881
遮雨,14,1,v,-0.014477401973079639,-0.28954340418761737,0.7721655698199033
爆雨,13,1,v,-0.0026904288102397454,0.0006658065421678559,0.9994687632787722
久雨,13,1,v,0.34951068199445035,8.697850970219973,0.0
濛濛细雨,7,1,v,-0.0269248105997949,-0.620232126916342,0.5351049730205455
飘雨,7,1,v,-0.020742386397471262,-0.46182870250722047,0.6442041660116309
雨天,174,1,t,0.18722060890448255,4.52516270450982,6.034905906115995e-06
雨后,165,1,t,0.08824504430613736,2.1672222429321844,0.03021791214372871
雨夜,99,1,t,0.103970727376416,2.545530890524399,0.010911170940063997
雨季,89,1,t,0.11841942934241581,2.891731535486821,0.0038312517381677846
雨来,36,1,t,0.10281964370661975,2.5398819762332243,0.01108898822886073
夜雨,30,1,t,-0.011413285943914959,-0.20987040831900827,0.833768818612942
雨期,8,1,t,-0.021358401124146654,-0.47273510895128545,0.6364021750910069
雨过天晴,127,1,n,0.1001803604272627,2.4528730367958067,0.014172034962185887
小雨,106,1,n,0.13647400185574105,3.320093819419653,0.0008998720118023051
阴雨天,75,1,n,0.08855707310531334,2.1809896652387963,0.02918418089494801
秋雨,74,1,n,0.48348800934637737,11.618795408831703,0.0
雷雨,65,1,n,0.003981960267120198,0.16023710093605867,0.8726943046471423
阴雨连绵,63,1,n,0.1309531892052775,3.1979290556288515,0.0013841832889069927
暴风雨,58,1,n,0.08027714911433613,1.9868823604783012,0.046935434818473176
雷阵雨,58,1,n,0.01751594974029,0.48438449339352296,0.6281130213068422
强降雨,54,1,n,0.12097188276508208,2.9629693493408835,0.003046869068660696
雨太大,44,1,n,0.0874890259441158,2.165414898604335,0.030355926112028975
雨淋,41,1,n,0.12785208803172873,3.136950914329982,0.0017071470523897236
梅雨,38,1,n,0.243462764122619,5.920256593128932,3.2143971928633164e-09
雨越,36,1,n,0.06035116061313665,1.517824318882005,0.12905869272173165
雨大,35,1,n,0.029352354693144442,0.7721095096356025,0.4400495703641427
秋雨绵绵,33,1,n,0.19034278382011485,4.652198147111896,3.284152725768763e-06
梅雨季节,30,1,n,0.10066161608514955,2.4949927973745076,0.012595968691729187
雨雨雨,28,1,n,0.017716709512926976,0.4937672077772428,0.6214705946048382
夏雨,26,1,n,0.10104383710073205,2.510818670134331,0.012045155109520866
梅雨季,20,1,n,0.1415998079567431,3.513170384452094,0.00044279343043962527
雨蒙蒙,19,1,n,-0.051948390787997296,-1.2001017952206645,0.23009980843340183
毛毛雨,18,1,n,-0.006703571711056747,-0.0973202759011251,0.9224720545883913
太阳雨,17,1,n,0.01999024058452993,0.5553493949233722,0.5786556990431373
大雨淋,15,1,n,0.08308843571936028,2.1072593526241397,0.03509510466268129
雷暴雨,13,1,n,0.014909964304013283,0.4352864626736703,0.6633545097912312
雷雨大风,13,1,n,0.015940795311127687,0.4607416014176991,0.6449840042366244
雨珠,13,1,n,-0.0063936181560483515,-0.09078002496889911,0.927667382270546
雨潇潇,13,1,n,-0.018856520044242903,-0.398536480224617,0.6902347732396612
西边雨,12,1,n,-0.003445000754792925,-0.018029844644024903,0.9856150446946856
雨城,11,1,n,-0.02790052377288519,-0.6266091524557877,0.530915467399659
连阴雨,11,1,n,0.01586900475331711,0.4624685152036387,0.6437453756224605
雨刚,11,1,n,-0.030493237025911887,-0.6911212958942448,0.48948931835593756
雨强,10,1,n,-0.02689344748624518,-0.6045671678029991,0.5454666273418587
普降大雨,10,1,n,0.05277791629417071,1.3877631938295543,0.16520916594625001
空蒙雨,9,1,n,0.002188123752495018,0.12343229587139254,0.9017647841975263
大雨,222,1,n,0.15080097450102337,3.658279751887794,0.00025391380969796984
雨,222,1,n,0.2090450681684031,5.046212638045292,4.5065384868259173e-07
下雨天,220,1,n,0.19515226920191933,4.715033606255467,2.4167085814763567e-06
暴雨,196,1,n,0.16951621378678186,4.10338030163668,4.0715714824779425e-05
雨声,130,1,n,0.14136383312651066,3.4343789988238824,0.0005939131639860484
雨下,127,1,n,0.09327751137142784,2.2883231604263776,0.022118708726420078
阴雨,102,1,n,0.07531587443990825,1.8615993107945632,0.06265959052188408
雨水,98,1,n,0.06897917983480406,1.7107252388560543,0.0871318462719406
中雨,87,1,n,0.08728871377501117,2.148843551631646,0.0316468037384654
淋雨,75,1,n,0.051233298444192985,1.2891436562800314,0.19734814873738538
阵雨,72,1,n,0.0026517139864309066,0.12832776667526252,0.897889592137723
降雨,70,1,n,0.16977139227418175,4.123459850433674,3.732235400732975e-05
雨滴,63,1,n,0.10427241119637842,2.559619302681398,0.0104786882272081
大雨倾盆,53,1,n,0.10188750108352185,2.5062360447054357,0.01220241281215162
烟雨,50,1,n,0.17272597190506828,4.205815788754333,2.6014206553570673e-05
雨伞,49,1,n,0.1311972170116102,3.210918350751543,0.0013231152268662338
雨衣,48,1,n,0.061166856040922146,1.5320992558768183,0.12549794336250586
降雨量,36,1,n,0.01959699633726579,0.5370239080122534,0.5912510996760907
强降水,36,1,n,0.008331665030766829,0.26590948890147287,0.7903089170277906
细雨,36,1,n,0.15447586312107267,3.783054106637335,0.000154915722009763
雨量,33,1,n,0.03526975212376731,0.9153815288752339,0.35999137181053653
雨点,33,1,n,0.09844523325797383,2.437729968091051,0.014779809933175736
雨鞋,32,1,n,0.1433745893783649,3.5220973057594946,0.0004281469606803867
雨势,30,1,n,0.05687324380087088,1.4381856542530305,0.15038138450106153
雨景,30,1,n,0.02376120388805196,0.639045643384117,0.5227932394566617
滂沱大雨,29,1,n,0.06488769527013778,1.632570071280982,0.10255945005036549
落雨,27,1,n,0.17482408445810593,4.293007519246542,1.7626903441314568e-05
降水,27,1,n,0.030358097884886425,0.7997755070039184,0.4238408762953303
雨具,25,1,n,0.13486078341655564,3.331765086635408,0.0008629706779410551
雨能,22,1,n,0.12971391324167045,3.216197695774776,0.0012990131210546263
漏雨,19,1,n,0.0956702794976398,2.398391696196622,0.01646724543746192
骤雨,18,1,n,0.12286363004925874,3.065987586891102,0.002169523215995728
雨雾,18,1,n,0.1689686103982511,4.191613863220229,2.7697711896479404e-05
春雨,17,1,n,0.12152571170683833,3.038552519184529,0.002377176652218038
天漏,16,1,n,0.13942363527699753,3.483042930522372,0.0004957488590120462
降水量,16,1,n,0.06795488423744836,1.7317629936273988,0.08331576956002085
雨战,16,1,n,-0.06666121786815242,-1.5668881702929671,0.11714083324325353
雨丝,15,1,n,-0.011105303151126756,-0.20599423490467594,0.8367954146163303
赏雨,15,1,n,0.009958859520668117,0.3113092552542353,0.7555655319545429
雨情,14,1,n,-0.018120293617995404,-0.3792350956041938,0.7045132920905877
冰雨,14,1,n,0.018660248097184078,0.5263391896635399,0.598652558576402
微雨,13,1,n,0.17454517745592898,4.377287111829195,1.2016563700312233e-05
场雨,12,1,n,-0.02501679495968229,-0.5525694908362354,0.5805582380587089
豪雨,12,1,n,-0.01854247687098791,-0.39213871407302503,0.6949557239037327
雨荷,12,1,n,0.08546542868644462,2.185131795269291,0.028879184578878725
雨靴,11,1,n,0.009066430550348184,0.29320620198007913,0.7693645438232632
淫雨,10,1,n,0.027939415637487492,0.766630372102905,0.44330131215355806
毛毛细雨,10,1,n,-0.03535033178587297,-0.8160472599650935,0.4144731063200361
观雨,9,1,n,0.02700572070145427,0.7478912841580213,0.4545257351855474
防雨,9,1,n,-0.02593215355004279,-0.5841285510065968,0.5591338272217421
急雨,9,1,n,0.06927797003395811,1.8115432608205913,0.07005679882008753
因雨,8,1,n,-0.021485916177143162,-0.4759688845382287,0.6340965455285075
雨路,8,1,n,-0.03420098860450844,-0.7984225073505404,0.4246253463342474
零星小雨,8,1,n,-0.02934945484790394,-0.6753878455387471,0.49942938560087324
不下雨,111,1,l,0.1068809631709994,2.6137570194870894,0.008955269895364548
下着雨,101,1,l,0.2127793554399168,5.141209732678744,2.729751265029279e-07
大雨滂沱,55,1,l,0.04694391494348323,1.1894364455450697,0.23426796632858293
大到暴雨,46,1,l,0.1161033338300036,2.8508959582529925,0.004359623197622398
中到大雨,34,1,l,0.001256482394548654,0.09571560234346972,0.9237464489175666
细雨绵绵,26,1,l,0.1330922076300125,3.2863265193490463,0.0010150327527744807
蒙蒙细雨,21,1,l,0.020857791805551477,0.5731871834058131,0.5665179613686431
小到中雨,19,1,l,0.02326818596962895,0.6334492141826625,0.5264403354296514
绵绵细雨,15,1,l,0.07238484125739274,1.8443955085352637,0.06512552141121564
一阵雨,7,1,l,0.3218718541606605,8.316486595776736,0.0
春雨绵绵,6,1,l,0.12817101923661534,3.400922646525278,0.0006715882889427593
大暴雨,145,1,i,0.2141321576227304,5.1675751166477495,2.3715066599372392e-07
狂风暴雨,76,1,i,0.09508602879495254,2.336804653460517,0.019449343767362848
风雨无阻,71,1,i,0.09879600096220569,2.426512472913555,0.015244726289196375
瓢泼大雨,63,1,i,0.04268775782858961,1.0862707795072835,0.2773592108389642
倾盆大雨,60,1,i,0.07635961512229607,1.8925653223010432,0.05841569904624455
大雨天,56,1,i,0.15825006475812922,3.8547112958302163,0.00011586627746495992
风雨交加,36,1,i,0.08636440921246309,2.1438659852395756,0.03204362634627955
雷雨交加,35,1,i,0.00082450582154766,0.08527452800121209,0.9320431414666572
暴雨如注,28,1,i,0.06197777928492764,1.5632864897844436,0.11798522459914373
刮风下雨,15,1,i,0.03902759855591479,1.0251928494778435,0.3052722015173699
雨中散步,15,1,i,0.035566397471400994,0.9401910656871078,0.34711956375013253
狂风骤雨,14,1,i,-0.002040679022419768,0.016661343538232547,0.9867067862649623
大雨如注,13,1,i,-0.04235006293410553,-0.9786814212701024,0.32773741466997086
暴风骤雨,7,1,i,-0.011975419541916391,-0.23720523343513458,0.8124975764724847
疾风骤雨,6,1,i,0.07752672180593198,2.0850128777572543,0.03706813160864475
微风细雨,6,1,i,-0.01628048507471479,-0.35241495079620433,0.7245270911833388
这雨,134,1,n,0.2596460679454378,6.253304699241673,4.0185699212713644e-10
雨中,132,1,n,0.19236125090768658,4.649784374935316,3.3228223774717236e-06
这雨下,127,1,n,0.17818731278774655,4.312400061513737,1.6149188478031817e-05
雨停,91,1,n,0.06736111980375509,1.6727006103892998,0.09438624902874881
雨里,68,1,n,0.12938187760703906,3.158557198863427,0.001585521921355637
有雨,62,1,n,0.08832710076735896,2.1784151566772034,0.02937514248872919
雨好,43,1,n,0.18691975737736724,4.553466001419456,5.27692030938276e-06
雨下个,42,1,n,0.16979674801305458,4.14346835292798,3.420922978691898e-05
多雨,35,1,n,0.03506472817532476,0.9096403116733409,0.3630122318486355
新雨后,33,1,n,0.12079590239743147,2.9763171805509065,0.0029173296374402913
雨过,28,1,n,0.012812359573477063,0.37525907290900984,0.707467800854028
这雨要,25,1,n,0.14679014437901608,3.6206614064276064,0.00029385086604571953
雨大到,12,1,n,-0.014709580756635796,-0.29716122108392085,0.7663434263955698
好雨,12,1,n,0.05320419403471788,1.385712479812015,0.16583471591186094
雨真大,11,1,n,0.09680454171827563,2.47631442116977,0.013274661611306415
雨快,11,1,n,0.06036294330731988,1.56957102366147,0.1165149441128297
被雨困,10,1,n,0.10472520736481675,2.686801647468429,0.007213977772929647
这雨能,9,1,n,0.13413458796692326,3.4434618587979133,0.0005743175963350833
丝雨细,9,1,n,0.029022401625320823,0.7986348969261973,0.42450214661011154
此雨,8,1,n,-0.015569217718105545,-0.32592169730407505,0.7444835991841157
雨不大,7,1,n,0.08562880159176521,2.263568307556992,0.023600678932335528
